id,content,type,processed_at
msg_001,"[PROCESSED] [INFO] Hello World","info","2024-01-15T10:30:00Z"
msg_002,"[PROCESSED] [WARNING] Low disk space detected","warning","2024-01-15T11:45:00Z"
msg_003,"[PROCESSED] [ERROR] Connection timeout","error","2024-01-15T12:00:00Z"
msg_004,"[PROCESSED] [INFO] User login successful","info","2024-01-15T14:20:00Z"
msg_005,"[PROCESSED] [INFO] Data sync completed","info","2024-01-15T15:30:00Z"
msg_006,"[PROCESSED] [WARNING] Memory usage high","warning","2024-01-16T09:00:00Z"
msg_007,"[PROCESSED] [ERROR] Authentication failed","error","2024-01-16T10:15:00Z"
msg_008,"[PROCESSED] [INFO] Backup completed successfully","info","2024-01-16T11:30:00Z"
msg_009,"[PROCESSED] [WARNING] API rate limit approaching","warning","2024-01-16T13:45:00Z"
msg_010,"[PROCESSED] [INFO] Configuration updated","info","2024-01-16T16:00:00Z"
